Date,Close
2014-01-02,84.72000122070312
2014-01-03,84.80999755859375
2014-01-06,84.68000030517578
2014-01-07,85.08000183105469
2014-01-08,84.94999694824219
2014-01-09,85.06999969482422
2014-01-10,85.16000366210938
2014-01-13,84.20999908447266
2014-01-14,84.91000366210938
2014-01-15,85.37000274658203
2014-01-16,85.19999694824219
2014-01-17,84.79000091552734
2014-01-21,84.9000015258789
2014-01-22,84.80999755859375
2014-01-23,84.02999877929688
2014-01-24,82.36000061035156
2014-01-27,82.12000274658203
2014-01-28,82.77999877929688
2014-01-29,82.05999755859375
2014-01-30,82.68000030517578
2014-01-31,82.04000091552734
2014-02-03,80.26000213623047
2014-02-04,80.6500015258789
2014-02-05,80.55000305175781
2014-02-06,81.55000305175781
2014-02-07,82.41000366210938
2014-02-10,82.3499984741211
2014-02-11,83.31999969482422
2014-02-12,83.30999755859375
2014-02-13,83.69999694824219
2014-02-14,84.27999877929688
2014-02-18,84.29000091552734
2014-02-19,83.80999755859375
2014-02-20,84.30000305175781
2014-02-21,84.06999969482422
2014-02-24,84.5999984741211
2014-02-25,84.4800033569336
2014-02-26,84.58000183105469
2014-02-27,84.88999938964844
2014-02-28,85.13999938964844
2014-03-03,84.54000091552734
2014-03-04,85.75
2014-03-05,85.76000213623047
2014-03-06,86.08999633789062
2014-03-07,86.26000213623047
2014-03-10,86.2699966430664
2014-03-11,85.70999908447266
2014-03-12,85.80000305175781
2014-03-13,84.9800033569336
2014-03-14,84.83000183105469
2014-03-17,85.52999877929688
2014-03-18,86.08999633789062
2014-03-19,85.69000244140625
2014-03-20,86.38999938964844
2014-03-21,86.2300033569336
2014-03-24,86.1500015258789
2014-03-25,86.18000030517578
2014-03-26,85.7699966430664
2014-03-27,85.72000122070312
2014-03-28,86.20999908447266
2014-03-31,86.9000015258789
2014-04-01,87.23999786376953
2014-04-02,87.48999786376953
2014-04-03,87.58999633789062
2014-04-04,86.97000122070312
2014-04-07,86.13999938964844
2014-04-08,86.4800033569336
2014-04-09,87.0999984741211
2014-04-10,85.66999816894531
2014-04-11,84.98999786376953
2014-04-14,85.66999816894531
2014-04-15,86.29000091552734
2014-04-16,86.9800033569336
2014-04-17,87.16000366210938
2014-04-21,87.2300033569336
2014-04-22,87.47000122070312
2014-04-23,87.44000244140625
2014-04-24,87.58000183105469
2014-04-25,87.08999633789062
2014-04-28,87.36000061035156
2014-04-29,87.66999816894531
2014-04-30,87.93000030517578
2014-05-01,87.80999755859375
2014-05-02,87.62000274658203
2014-05-05,87.54000091552734
2014-05-06,86.88999938964844
2014-05-07,87.66999816894531
2014-05-08,87.61000061035156
2014-05-09,87.62999725341797
2014-05-12,88.27999877929688
2014-05-13,88.38999938964844
2014-05-14,88.04000091552734
2014-05-15,87.30999755859375
2014-05-16,87.45999908447266
2014-05-19,87.62999725341797
2014-05-20,87.05000305175781
2014-05-21,87.68000030517578
2014-05-22,87.83999633789062
2014-05-23,88.08000183105469
2014-05-27,88.44999694824219
2014-05-28,88.44999694824219
2014-05-29,88.79000091552734
2014-05-30,89.0
2014-06-02,89.08000183105469
2014-06-03,89.0999984741211
2014-06-04,89.16000366210938
2014-06-05,89.77999877929688
2014-06-06,90.2300033569336
2014-06-09,90.31999969482422
2014-06-10,90.36000061035156
2014-06-11,89.94999694824219
2014-06-12,89.45999908447266
2014-06-13,89.88999938964844
2014-06-16,89.95999908447266
2014-06-17,90.22000122070312
2014-06-18,90.87000274658205
2014-06-19,91.08000183105467
2014-06-20,91.3000030517578
2014-06-23,91.31999969482422
2014-06-24,90.27999877929688
2014-06-25,90.44000244140624
2014-06-26,90.33999633789062
2014-06-27,90.37999725341795
2014-06-30,90.27999877929688
2014-07-01,90.76000213623048
2014-07-02,90.8000030517578
2014-07-03,91.23999786376952
2014-07-07,90.9499969482422
2014-07-08,90.5500030517578
2014-07-09,90.87999725341795
2014-07-10,90.5500030517578
2014-07-11,90.54000091552734
2014-07-14,90.87999725341795
2014-07-15,90.94000244140624
2014-07-16,91.4499969482422
2014-07-17,90.45999908447266
2014-07-18,91.22000122070312
2014-07-21,91.08000183105467
2014-07-22,91.41000366210938
2014-07-23,91.5199966430664
2014-07-24,91.56999969482422
2014-07-25,91.20999908447266
2014-07-28,91.30999755859376
2014-07-29,90.87999725341795
2014-07-30,90.76000213623048
2014-07-31,88.9800033569336
2014-08-01,88.72000122070312
2014-08-04,89.30999755859375
2014-08-05,88.31999969482422
2014-08-06,88.44999694824219
2014-08-07,87.95999908447266
2014-08-08,89.0199966430664
2014-08-11,89.19999694824219
2014-08-12,89.13999938964844
2014-08-13,89.66000366210938
2014-08-14,89.98999786376953
2014-08-15,89.81999969482422
2014-08-18,90.4800033569336
2014-08-19,90.87000274658205
2014-08-20,91.11000061035156
2014-08-21,91.58999633789062
2014-08-22,91.23999786376952
2014-08-25,91.73999786376952
2014-08-26,91.83000183105467
2014-08-27,91.91999816894533
2014-08-28,91.86000061035156
2014-08-29,92.1500015258789
2014-09-02,91.94000244140624
2014-09-03,92.16000366210938
2014-09-04,92.0500030517578
2014-09-05,92.44000244140624
2014-09-08,92.05999755859376
2014-09-09,91.47000122070312
2014-09-10,91.61000061035156
2014-09-11,91.81999969482422
2014-09-12,91.26000213623048
2014-09-15,91.43000030517578
2014-09-16,92.08999633789062
2014-09-17,92.1999969482422
2014-09-18,92.54000091552734
2014-09-19,92.58999633789062
2014-09-22,91.9000015258789
2014-09-23,91.26000213623048
2014-09-24,91.31999969482422
2014-09-25,90.0
2014-09-26,90.52999877929688
2014-09-29,90.3000030517578
2014-09-30,90.06999969482422
2014-10-01,88.95999908447266
2014-10-02,88.97000122070312
2014-10-03,89.9000015258789
2014-10-06,89.87000274658203
2014-10-07,88.47000122070312
2014-10-08,89.94999694824219
2014-10-09,88.08999633789062
2014-10-10,87.37999725341797
2014-10-13,86.12999725341797
2014-10-14,86.27999877929688
2014-10-15,85.43000030517578
2014-10-16,85.43000030517578
2014-10-17,86.43000030517578
2014-10-20,87.08999633789062
2014-10-21,88.62000274658203
2014-10-22,88.11000061035156
2014-10-23,88.83000183105469
2014-10-24,89.45999908447266
2014-10-27,89.29000091552734
2014-10-28,90.23999786376952
2014-10-29,90.2300033569336
2014-10-30,90.69000244140624
2014-10-31,91.68000030517578
2014-11-03,91.62999725341795
2014-11-04,91.41999816894533
2014-11-05,92.1999969482422
2014-11-06,92.52999877929688
2014-11-07,92.72000122070312
2014-11-10,92.93000030517578
2014-11-11,92.9800033569336
2014-11-12,92.7699966430664
2014-11-13,92.76000213623048
2014-11-14,92.83999633789062
2014-11-17,93.12000274658205
2014-11-18,93.52999877929688
2014-11-19,93.43000030517578
2014-11-20,93.62000274658205
2014-11-21,94.1500015258789
2014-11-24,94.25
2014-11-25,94.11000061035156
2014-11-26,94.2699966430664
2014-11-28,93.8499984741211
2014-12-01,93.5
2014-12-02,94.18000030517578
2014-12-03,94.54000091552734
2014-12-04,94.3499984741211
2014-12-05,94.52999877929688
2014-12-08,93.9499969482422
2014-12-09,93.73999786376952
2014-12-10,92.2699966430664
2014-12-11,92.69000244140624
2014-12-12,91.02999877929688
2014-12-15,90.44000244140624
2014-12-16,89.9800033569336
2014-12-17,91.8000030517578
2014-12-18,94.0500030517578
2014-12-19,94.56999969482422
2014-12-22,94.9000015258789
2014-12-23,95.4000015258789
2014-12-24,94.79000091552734
2014-12-26,94.94000244140624
2014-12-29,95.06999969482422
2014-12-30,94.75
2014-12-31,93.7699966430664
2015-01-02,93.7300033569336
2015-01-05,91.8000030517578
2015-01-06,90.9499969482422
2015-01-07,91.86000061035156
2015-01-08,93.4800033569336
2015-01-09,92.52999877929688
2015-01-12,91.76000213623048
2015-01-13,91.37999725341795
2015-01-14,90.7300033569336
2015-01-15,89.94999694824219
2015-01-16,91.13999938964844
2015-01-20,91.22000122070312
2015-01-21,91.72000122070312
2015-01-22,93.02999877929688
2015-01-23,92.18000030517578
2015-01-26,92.4800033569336
2015-01-27,91.62000274658205
2015-01-28,89.98999786376953
2015-01-29,90.7699966430664
2015-01-30,89.56999969482422
2015-02-02,91.05999755859376
2015-02-03,92.73999786376952
2015-02-04,92.23999786376952
2015-02-05,93.16000366210938
2015-02-06,93.22000122070312
2015-02-09,92.87999725341795
2015-02-10,93.62000274658205
2015-02-11,93.4800033569336
2015-02-12,94.36000061035156
2015-02-13,94.6999969482422
2015-02-17,94.87000274658205
2015-02-18,94.62999725341795
2015-02-19,94.4000015258789
2015-02-20,94.86000061035156
2015-02-23,94.63999938964844
2015-02-24,95.16999816894533
2015-02-25,95.04000091552734
2015-02-26,94.72000122070312
2015-02-27,94.4800033569336
2015-03-02,94.77999877929688
2015-03-03,94.52999877929688
2015-03-04,94.02999877929688
2015-03-05,94.16999816894533
2015-03-06,92.86000061035156
2015-03-09,93.18000030517578
2015-03-10,91.68000030517578
2015-03-11,91.6500015258789
2015-03-12,92.8499984741211
2015-03-13,92.22000122070312
2015-03-16,93.41000366210938
2015-03-17,92.9800033569336
2015-03-18,94.20999908447266
2015-03-19,93.37000274658205
2015-03-20,94.25
2015-03-23,94.20999908447266
2015-03-24,93.5
2015-03-25,92.04000091552734
2015-03-26,91.80999755859376
2015-03-27,91.87999725341795
2015-03-30,93.22000122070312
2015-03-31,92.55999755859376
2015-04-01,92.2699966430664
2015-04-02,92.58999633789062
2015-04-06,93.33000183105467
2015-04-07,93.02999877929688
2015-04-08,93.13999938964844
2015-04-09,93.66999816894533
2015-04-10,94.3000030517578
2015-04-13,93.88999938964844
2015-04-14,94.22000122070312
2015-04-15,94.8000030517578
2015-04-16,94.6500015258789
2015-04-17,93.5999984741211
2015-04-20,94.2699966430664
2015-04-21,93.8499984741211
2015-04-22,94.2699966430664
2015-04-23,94.5999984741211
2015-04-24,94.5
2015-04-27,94.16999816894533
2015-04-28,94.66999816894533
2015-04-29,94.58000183105467
2015-04-30,93.88999938964844
2015-05-01,94.66000366210938
2015-05-04,95.13999938964844
2015-05-05,94.12000274658205
2015-05-06,93.83000183105467
2015-05-07,93.9800033569336
2015-05-08,95.16000366210938
2015-05-11,94.6500015258789
2015-05-12,94.41999816894533
2015-05-13,94.4800033569336
2015-05-14,95.18000030517578
2015-05-15,95.30999755859376
2015-05-18,95.5199966430664
2015-05-19,95.52999877929688
2015-05-20,95.5500030517578
2015-05-21,95.83999633789062
2015-05-22,95.5199966430664
2015-05-26,94.56999969482422
2015-05-27,95.13999938964844
2015-05-28,95.08999633789062
2015-05-29,94.5500030517578
2015-06-01,94.62000274658205
2015-06-02,94.63999938964844
2015-06-03,94.97000122070312
2015-06-04,94.12000274658205
2015-06-05,94.02999877929688
2015-06-08,93.62999725341795
2015-06-09,93.72000122070312
2015-06-10,94.83999633789062
2015-06-11,95.08000183105467
2015-06-12,94.41999816894533
2015-06-15,93.9499969482422
2015-06-16,94.4800033569336
2015-06-17,94.52999877929688
2015-06-18,95.33000183105467
2015-06-19,94.79000091552734
2015-06-22,95.23999786376952
2015-06-23,95.43000030517578
2015-06-24,94.19000244140624
2015-06-25,93.75
2015-06-26,93.91999816894533
2015-06-29,92.05999755859376
2015-06-30,92.20999908447266
2015-07-01,92.8499984741211
2015-07-02,92.7300033569336
2015-07-06,92.33999633789062
2015-07-07,92.94000244140624
2015-07-08,91.37999725341795
2015-07-09,91.66000366210938
2015-07-10,92.6500015258789
2015-07-13,93.5
2015-07-14,93.88999938964844
2015-07-15,93.8000030517578
2015-07-16,94.36000061035156
2015-07-17,93.97000122070312
2015-07-20,93.8499984741211
2015-07-21,93.3000030517578
2015-07-22,93.3499984741211
2015-07-23,92.75
2015-07-24,91.6500015258789
2015-07-27,91.08000183105467
2015-07-28,92.20999908447266
2015-07-29,93.0199966430664
2015-07-30,92.95999908447266
2015-07-31,92.62000274658205
2015-08-03,92.1999969482422
2015-08-04,91.97000122070312
2015-08-05,92.29000091552734
2015-08-06,92.01000213623048
2015-08-07,91.58999633789062
2015-08-10,92.91000366210938
2015-08-11,92.0999984741211
2015-08-12,92.16000366210938
2015-08-13,91.9499969482422
2015-08-14,92.31999969482422
2015-08-17,92.6500015258789
2015-08-18,92.41999816894533
2015-08-19,91.55999755859376
2015-08-20,89.75
2015-08-21,87.19999694824219
2015-08-24,83.58999633789062
2015-08-25,82.20999908447266
2015-08-26,85.18000030517578
2015-08-27,87.3499984741211
2015-08-28,87.45999908447266
2015-08-31,87.0199966430664
2015-09-01,84.37000274658203
2015-09-02,85.66999816894531
2015-09-03,85.95999908447266
2015-09-04,84.54000091552734
2015-09-08,86.66999816894531
2015-09-09,85.43000030517578
2015-09-10,85.79000091552734
2015-09-11,86.08000183105469
2015-09-14,85.72000122070312
2015-09-15,86.87999725341797
2015-09-16,87.72000122070312
2015-09-17,87.25
2015-09-18,85.61000061035156
2015-09-21,86.12999725341797
2015-09-22,85.0
2015-09-23,84.80999755859375
2015-09-24,84.55999755859375
2015-09-25,84.33999633789062
2015-09-28,82.38999938964844
2015-09-29,82.61000061035156
2015-09-30,84.02999877929688
2015-10-01,84.05000305175781
2015-10-02,85.18000030517578
2015-10-05,87.01000213623047
2015-10-06,86.98999786376953
2015-10-07,87.73999786376953
2015-10-08,88.62000274658203
2015-10-09,88.44999694824219
2015-10-12,88.44999694824219
2015-10-13,87.9000015258789
2015-10-14,87.44000244140625
2015-10-15,88.79000091552734
2015-10-16,89.12999725341797
2015-10-19,88.8499984741211
2015-10-20,88.94000244140625
2015-10-21,88.4000015258789
2015-10-22,89.98999786376953
2015-10-23,90.47000122070312
2015-10-26,90.02999877929688
2015-10-27,89.61000061035156
2015-10-28,90.83000183105467
2015-10-29,90.63999938964844
2015-10-30,90.2300033569336
2015-11-02,91.4800033569336
2015-11-03,91.80999755859376
2015-11-04,91.38999938964844
2015-11-05,91.33000183105467
2015-11-06,91.4000015258789
2015-11-09,90.5199966430664
2015-11-10,90.81999969482422
2015-11-11,90.4499969482422
2015-11-12,89.02999877929688
2015-11-13,88.27999877929688
2015-11-16,89.73999786376953
2015-11-17,89.51000213623047
2015-11-18,90.86000061035156
2015-11-19,90.76000213623048
2015-11-20,90.81999969482422
2015-11-23,90.66000366210938
2015-11-24,90.9800033569336
2015-11-25,90.83000183105467
2015-11-27,90.94000244140624
2015-11-30,90.73999786376952
2015-12-01,91.62999725341795
2015-12-02,90.41999816894533
2015-12-03,89.22000122070312
2015-12-04,90.88999938964844
2015-12-07,90.12999725341795
2015-12-08,89.18000030517578
2015-12-09,88.79000091552734
2015-12-10,88.97000122070312
2015-12-11,87.25
2015-12-14,87.69000244140625
2015-12-15,88.91000366210938
2015-12-16,90.12999725341795
2015-12-17,88.72000122070312
2015-12-18,87.13999938964844
2015-12-21,87.9000015258789
2015-12-22,88.8499984741211
2015-12-23,90.31999969482422
2015-12-24,89.51000213623047
2015-12-28,89.08999633789062
2015-12-29,89.88999938964844
2015-12-30,89.25
2015-12-31,88.52999877929688
2016-01-04,87.4800033569336
2016-01-05,87.72000122070312
2016-01-06,86.41000366210938
2016-01-07,84.44000244140625
2016-01-08,83.37000274658203
2016-01-11,83.26000213623047
2016-01-12,83.7699966430664
2016-01-13,81.98999786376953
2016-01-14,83.31999969482422
2016-01-15,81.62000274658203
2016-01-19,81.5
2016-01-20,80.2699966430664
2016-01-21,80.77999877929688
2016-01-22,82.22000122070312
2016-01-25,80.72000122070312
2016-01-26,82.19000244140625
2016-01-27,81.81999969482422
2016-01-28,82.11000061035156
2016-01-29,84.1500015258789
2016-02-01,84.02999877929688
2016-02-02,82.33999633789062
2016-02-03,83.25
2016-02-04,83.66999816894531
2016-02-05,82.80000305175781
2016-02-08,81.93000030517578
2016-02-09,81.61000061035156
2016-02-10,81.29000091552734
2016-02-11,79.97000122070312
2016-02-12,81.88999938964844
2016-02-16,83.08999633789062
2016-02-17,84.43000030517578
2016-02-18,84.2699966430664
2016-02-19,84.06999969482422
2016-02-22,85.30999755859375
2016-02-23,84.18000030517578
2016-02-24,84.5
2016-02-25,85.41999816894531
2016-02-26,85.31999969482422
2016-02-29,84.6500015258789
2016-03-01,86.5
2016-03-02,87.23999786376953
2016-03-03,87.83000183105469
2016-03-04,88.22000122070312
2016-03-07,88.73999786376953
2016-03-08,87.45999908447266
2016-03-09,87.88999938964844
2016-03-10,87.91999816894531
2016-03-11,89.37000274658203
2016-03-14,89.13999938964844
2016-03-15,88.83000183105469
2016-03-16,89.33999633789062
2016-03-17,90.13999938964844
2016-03-18,90.73999786376952
2016-03-21,90.73999786376952
2016-03-22,90.55999755859376
2016-03-23,89.27999877929688
2016-03-24,89.13999938964844
2016-03-28,89.19000244140625
2016-03-29,89.7699966430664
2016-03-30,90.12000274658205
2016-03-31,89.93000030517578
2016-04-01,90.2699966430664
2016-04-04,89.88999938964844
2016-04-05,88.9800033569336
2016-04-06,89.76000213623047
2016-04-07,88.72000122070312
2016-04-08,89.08999633789062
2016-04-11,89.02999877929688
2016-04-12,90.01000213623047
2016-04-13,91.08000183105467
2016-04-14,91.16000366210938
2016-04-15,90.9499969482422
2016-04-18,91.63999938964844
2016-04-19,92.37000274658205
2016-04-20,92.58000183105467
2016-04-21,91.97000122070312
2016-04-22,92.54000091552734
2016-04-25,92.22000122070312
2016-04-26,92.6500015258789
2016-04-27,93.23999786376952
2016-04-28,92.41999816894533
2016-04-29,91.72000122070312
2016-05-02,92.37000274658205
2016-05-03,91.41999816894533
2016-05-04,90.70999908447266
2016-05-05,90.69000244140624
2016-05-06,90.91999816894533
2016-05-09,90.73999786376952
2016-05-10,91.87000274658205
2016-05-11,91.18000030517578
2016-05-12,91.23999786376952
2016-05-13,90.2300033569336
2016-05-16,91.05999755859376
2016-05-17,90.41999816894533
2016-05-18,90.45999908447266
2016-05-19,90.23999786376952
2016-05-20,90.76000213623048
2016-05-23,90.5999984741211
2016-05-24,91.61000061035156
2016-05-25,92.4499969482422
2016-05-26,92.30999755859376
2016-05-27,92.69000244140624
2016-05-31,92.55999755859376
2016-06-01,92.79000091552734
2016-06-02,93.05999755859376
2016-06-03,92.75
2016-06-06,93.41999816894533
2016-06-07,93.66999816894533
2016-06-08,93.97000122070312
2016-06-09,93.73999786376952
2016-06-10,92.8499984741211
2016-06-13,92.1500015258789
2016-06-14,91.80999755859376
2016-06-15,91.7300033569336
2016-06-16,92.05999755859376
2016-06-17,92.0500030517578
2016-06-20,92.5999984741211
2016-06-21,92.36000061035156
2016-06-22,92.20999908447266
2016-06-23,93.61000061035156
2016-06-24,90.0
2016-06-27,88.2699966430664
2016-06-28,89.83000183105469
2016-06-29,91.47000122070312
2016-06-30,92.9000015258789
2016-07-01,92.91999816894533
2016-07-05,91.98999786376952
2016-07-06,92.55999755859376
2016-07-07,92.36000061035156
2016-07-08,93.8000030517578
2016-07-11,94.13999938964844
2016-07-12,95.04000091552734
2016-07-13,95.1500015258789
2016-07-14,95.66000366210938
2016-07-15,95.51000213623048
2016-07-18,95.66000366210938
2016-07-19,95.56999969482422
2016-07-20,95.73999786376952
2016-07-21,95.4000015258789
2016-07-22,95.93000030517578
2016-07-25,95.5199966430664
2016-07-26,95.73999786376952
2016-07-27,95.37000274658205
2016-07-28,95.29000091552734
2016-07-29,95.37000274658205
2016-08-01,94.88999938964844
2016-08-02,94.30999755859376
2016-08-03,94.79000091552734
2016-08-04,94.7699966430664
2016-08-05,95.72000122070312
2016-08-08,95.77999877929688
2016-08-09,95.76000213623048
2016-08-10,95.4000015258789
2016-08-11,95.98999786376952
2016-08-12,95.91000366210938
2016-08-15,96.23999786376952
2016-08-16,95.83000183105467
2016-08-17,96.08000183105467
2016-08-18,96.4800033569336
2016-08-19,96.23999786376952
2016-08-22,96.08999633789062
2016-08-23,96.23999786376952
2016-08-24,95.91000366210938
2016-08-25,95.8000030517578
2016-08-26,95.56999969482422
2016-08-29,96.2300033569336
2016-08-30,96.19000244140624
2016-08-31,95.91000366210938
2016-09-01,95.83000183105467
2016-09-02,96.27999877929688
2016-09-06,96.5199966430664
2016-09-07,96.5500030517578
2016-09-08,96.61000061035156
2016-09-09,94.3499984741211
2016-09-12,95.63999938964844
2016-09-13,93.98999786376952
2016-09-14,93.6500015258789
2016-09-15,94.5
2016-09-16,94.0
2016-09-19,94.12999725341795
2016-09-20,94.0500030517578
2016-09-21,95.16999816894533
2016-09-22,95.63999938964844
2016-09-23,95.18000030517578
2016-09-26,93.75
2016-09-27,94.1999969482422
2016-09-28,94.9800033569336
2016-09-29,94.0999984741211
2016-09-30,94.95999908447266
2016-10-03,94.66000366210938
2016-10-04,94.13999938964844
2016-10-05,94.77999877929688
2016-10-06,94.87000274658205
2016-10-07,94.56999969482422
2016-10-10,95.0199966430664
2016-10-11,93.86000061035156
2016-10-12,93.9000015258789
2016-10-13,93.56999969482422
2016-10-14,93.5999984741211
2016-10-17,93.30999755859376
2016-10-18,93.80999755859376
2016-10-19,94.16000366210938
2016-10-20,94.0199966430664
2016-10-21,93.76000213623048
2016-10-24,93.93000030517578
2016-10-25,93.83000183105467
2016-10-26,93.94000244140624
2016-10-27,93.83999633789062
2016-10-28,93.47000122070312
2016-10-31,93.52999877929688
2016-11-01,93.0
2016-11-02,92.51000213623048
2016-11-03,92.26000213623048
2016-11-04,92.0999984741211
2016-11-07,94.11000061035156
2016-11-08,94.4499969482422
2016-11-09,96.06999969482422
2016-11-10,97.08999633789062
2016-11-11,96.93000030517578
2016-11-14,97.66000366210938
2016-11-15,98.37000274658205
2016-11-16,97.76000213623048
2016-11-17,98.06999969482422
2016-11-18,97.94000244140624
2016-11-21,98.62000274658205
2016-11-22,98.83999633789062
2016-11-23,99.12999725341795
2016-11-25,99.51000213623048
2016-11-28,98.97000122070312
2016-11-29,98.97000122070312
2016-11-30,99.41999816894533
2016-12-01,99.70999908447266
2016-12-02,99.56999969482422
2016-12-05,100.13999938964844
2016-12-06,100.62999725341795
2016-12-07,102.0199966430664
2016-12-08,102.30999755859376
2016-12-09,102.86000061035156
2016-12-12,102.77999877929688
2016-12-13,103.3000030517578
2016-12-14,102.20999908447266
2016-12-15,102.75
2016-12-16,102.56999969482422
2016-12-19,102.70999908447266
2016-12-20,103.16999816894533
2016-12-21,102.31999969482422
2016-12-22,102.16999816894533
2016-12-23,102.31999969482422
2016-12-27,102.48999786376952
2016-12-28,101.62999725341795
2016-12-29,101.52999877929688
2016-12-30,101.37999725341795
2017-01-03,102.20999908447266
2017-01-04,102.83000183105467
2017-01-05,102.41999816894533
2017-01-06,102.63999938964844
2017-01-09,101.91999816894533
2017-01-10,102.01000213623048
2017-01-11,102.31999969482422
2017-01-12,102.02999877929688
2017-01-13,102.18000030517578
2017-01-17,101.68000030517578
2017-01-18,101.88999938964844
2017-01-19,101.37000274658205
2017-01-20,101.6999969482422
2017-01-23,101.2699966430664
2017-01-24,102.0999984741211
2017-01-25,102.97000122070312
2017-01-26,102.88999938964844
2017-01-27,102.48999786376952
2017-01-30,101.86000061035156
2017-01-31,101.97000122070312
2017-02-01,101.77999877929688
2017-02-02,101.81999969482422
2017-02-03,102.8000030517578
2017-02-06,102.4800033569336
2017-02-07,102.3000030517578
2017-02-08,102.33999633789062
2017-02-09,103.08999633789062
2017-02-10,103.5
2017-02-13,104.08000183105467
2017-02-14,104.66999816894533
2017-02-15,105.16999816894533
2017-02-16,105.06999969482422
2017-02-17,105.19000244140624
2017-02-21,105.91000366210938
2017-02-22,105.76000213623048
2017-02-23,105.9800033569336
2017-02-24,105.94000244140624
2017-02-27,106.12999725341795
2017-02-28,105.83000183105467
2017-03-01,107.43000030517578
2017-03-02,106.75
2017-03-03,106.70999908447266
2017-03-06,106.3000030517578
2017-03-07,105.8000030517578
2017-03-08,105.43000030517578
2017-03-09,105.61000061035156
2017-03-10,105.86000061035156
2017-03-13,105.8499984741211
2017-03-14,105.41999816894533
2017-03-15,106.25
2017-03-16,106.11000061035156
2017-03-17,105.70999908447266
2017-03-20,105.3499984741211
2017-03-21,103.87999725341795
2017-03-22,103.9000015258789
2017-03-23,103.91999816894533
2017-03-24,103.27999877929688
2017-03-27,103.08000183105467
2017-03-28,103.93000030517578
2017-03-29,103.91999816894533
2017-03-30,104.45999908447266
2017-03-31,104.04000091552734
2017-04-03,103.79000091552734
2017-04-04,103.87000274658205
2017-04-05,103.45999908447266
2017-04-06,103.83000183105467
2017-04-07,103.66000366210938
2017-04-10,103.79000091552734
2017-04-11,103.70999908447266
2017-04-12,103.2699966430664
2017-04-13,102.37999725341795
2017-04-17,103.23999786376952
2017-04-18,102.83999633789062
2017-04-19,102.5199966430664
2017-04-20,103.30999755859376
2017-04-21,102.83000183105467
2017-04-24,103.97000122070312
2017-04-25,104.58999633789062
2017-04-26,104.56999969482422
2017-04-27,104.37999725341795
2017-04-28,103.94000244140624
2017-05-01,103.94000244140624
2017-05-02,103.83000183105467
2017-05-03,103.9499969482422
2017-05-04,103.95999908447266
2017-05-05,104.41999816894533
2017-05-08,104.3000030517578
2017-05-09,103.98999786376952
2017-05-10,104.20999908447266
2017-05-11,103.93000030517578
2017-05-12,103.56999969482422
2017-05-15,104.16999816894533
2017-05-16,103.94000244140624
2017-05-17,102.13999938964844
2017-05-18,102.22000122070312
2017-05-19,103.0
2017-05-22,103.41000366210938
2017-05-23,103.7699966430664
2017-05-24,103.83999633789062
2017-05-25,103.9800033569336
2017-05-26,103.9800033569336
2017-05-30,103.7699966430664
2017-05-31,103.58999633789062
2017-06-01,104.5999984741211
2017-06-02,104.5199966430664
2017-06-05,104.41999816894533
2017-06-06,104.16000366210938
2017-06-07,104.27999877929688
2017-06-08,104.54000091552734
2017-06-09,105.5199966430664
2017-06-12,105.80999755859376
2017-06-13,106.12000274658205
2017-06-14,106.04000091552734
2017-06-15,105.83000183105467
2017-06-16,105.77999877929688
2017-06-19,106.33999633789062
2017-06-20,105.6500015258789
2017-06-21,105.13999938964844
2017-06-22,105.02999877929688
2017-06-23,104.95999908447266
2017-06-26,105.33000183105467
2017-06-27,104.33999633789062
2017-06-28,105.16999816894533
2017-06-29,104.83000183105467
2017-06-30,104.95999908447266
2017-07-03,105.8000030517578
2017-07-05,105.58000183105467
2017-07-06,104.62999725341795
2017-07-07,105.0500030517578
2017-07-10,104.88999938964844
2017-07-11,104.72000122070312
2017-07-12,105.2300033569336
2017-07-13,105.4499969482422
2017-07-14,105.7300033569336
2017-07-17,105.66000366210938
2017-07-18,105.41999816894533
2017-07-19,105.97000122070312
2017-07-20,106.01000213623048
2017-07-21,105.8499984741211
2017-07-24,105.72000122070312
2017-07-25,106.36000061035156
2017-07-26,106.13999938964844
2017-07-27,106.33999633789062
2017-07-28,106.1999969482422
2017-07-31,106.41999816894533
2017-08-01,106.6999969482422
2017-08-02,106.62999725341795
2017-08-03,106.4499969482422
2017-08-04,106.66000366210938
2017-08-07,106.6500015258789
2017-08-08,106.44000244140624
2017-08-09,106.27999877929688
2017-08-10,105.0199966430664
2017-08-11,104.86000061035156
2017-08-14,105.72000122070312
2017-08-15,105.68000030517578
2017-08-16,105.77999877929688
2017-08-17,104.20999908447266
2017-08-18,103.97000122070312
2017-08-21,104.0500030517578
2017-08-22,104.87000274658205
2017-08-23,104.63999938964844
2017-08-24,104.38999938964844
2017-08-25,104.75
2017-08-28,104.58999633789062
2017-08-29,104.47000122070312
2017-08-30,104.72000122070312
2017-08-31,105.0999984741211
2017-09-01,105.52999877929688
2017-09-05,104.58000183105467
2017-09-06,104.9800033569336
2017-09-07,104.54000091552734
2017-09-08,104.66999816894533
2017-09-11,105.91000366210938
2017-09-12,106.5199966430664
2017-09-13,106.6999969482422
2017-09-14,106.73999786376952
2017-09-15,107.01000213623048
2017-09-18,107.4000015258789
2017-09-19,107.55999755859376
2017-09-20,107.77999877929688
2017-09-21,107.62999725341795
2017-09-22,107.66000366210938
2017-09-25,108.02999877929688
2017-09-26,107.30999755859376
2017-09-27,107.54000091552734
2017-09-28,107.68000030517578
2017-09-29,107.91000366210938
2017-10-02,108.56999969482422
2017-10-03,108.79000091552734
2017-10-04,108.94000244140624
2017-10-05,109.4499969482422
2017-10-06,109.16999816894533
2017-10-09,108.76000213623048
2017-10-10,109.26000213623048
2017-10-11,109.25
2017-10-12,108.8000030517578
2017-10-13,108.8499984741211
2017-10-16,109.0
2017-10-17,108.9499969482422
2017-10-18,109.06999969482422
2017-10-19,109.30999755859376
2017-10-20,110.0199966430664
2017-10-23,109.83999633789062
2017-10-24,110.08999633789062
2017-10-25,109.47000122070312
2017-10-26,109.70999908447266
2017-10-27,109.5999984741211
2017-10-30,109.04000091552734
2017-10-31,109.1500015258789
2017-11-01,109.47000122070312
2017-11-02,109.5199966430664
2017-11-03,109.5
2017-11-06,109.44000244140624
2017-11-07,109.2699966430664
2017-11-08,109.23999786376952
2017-11-09,109.02999877929688
2017-11-10,108.93000030517578
2017-11-13,109.02999877929688
2017-11-14,108.7300033569336
2017-11-15,108.38999938964844
2017-11-16,109.16000366210938
2017-11-17,109.0199966430664
2017-11-20,109.23999786376952
2017-11-21,109.66000366210938
2017-11-22,109.56999969482422
2017-11-24,109.62999725341795
2017-11-27,109.4800033569336
2017-11-28,111.0999984741211
2017-11-29,112.02999877929688
2017-11-30,112.80999755859376
2017-12-01,112.7699966430664
2017-12-04,113.4499969482422
2017-12-05,112.77999877929688
2017-12-06,112.51000213623048
2017-12-07,112.70999908447266
2017-12-08,113.37000274658205
2017-12-11,113.6500015258789
2017-12-12,114.04000091552734
2017-12-13,113.77999877929688
2017-12-14,113.16000366210938
2017-12-15,114.02999877929688
2017-12-18,114.77999877929688
2017-12-19,113.72000122070312
2017-12-20,113.76000213623048
2017-12-21,114.31999969482422
2017-12-22,114.36000061035156
2017-12-26,114.37000274658205
2017-12-27,114.33000183105467
2017-12-28,114.56999969482422
2017-12-29,114.23999786376952
2018-01-02,114.83000183105467
2018-01-03,115.3000030517578
2018-01-04,115.91999816894533
2018-01-05,116.2699966430664
2018-01-08,116.4499969482422
2018-01-09,116.62000274658205
2018-01-10,116.61000061035156
2018-01-11,117.62999725341795
2018-01-12,118.31999969482422
2018-01-16,117.80999755859376
2018-01-17,118.63999938964844
2018-01-18,118.33000183105467
2018-01-19,118.83000183105467
2018-01-22,119.83999633789062
2018-01-23,119.86000061035156
2018-01-24,120.16000366210938
2018-01-25,120.0500030517578
2018-01-26,121.11000061035156
2018-01-29,120.36000061035156
2018-01-30,118.9800033569336
2018-01-31,118.83999633789062
2018-02-01,118.97000122070312
2018-02-02,116.1999969482422
2018-02-05,111.37000274658205
2018-02-06,112.86000061035156
2018-02-07,112.5500030517578
2018-02-08,108.75
2018-02-09,110.11000061035156
2018-02-12,111.3499984741211
2018-02-13,111.62999725341795
2018-02-14,112.9800033569336
2018-02-15,114.0500030517578
2018-02-16,114.1500015258789
2018-02-20,113.02999877929688
2018-02-21,112.23999786376952
2018-02-22,112.31999969482422
2018-02-23,114.08000183105467
2018-02-26,115.3499984741211
2018-02-27,113.7699966430664
2018-02-28,112.23999786376952
2018-03-01,110.94000244140624
2018-03-02,111.43000030517578
2018-03-05,112.76000213623048
2018-03-06,113.02999877929688
2018-03-07,112.61000061035156
2018-03-08,113.0
2018-03-09,114.83000183105467
2018-03-12,114.61000061035156
2018-03-13,113.97000122070312
2018-03-14,113.12000274658205
2018-03-15,112.9499969482422
2018-03-16,113.2300033569336
2018-03-19,111.95999908447266
2018-03-20,111.87999725341795
2018-03-21,112.04000091552734
2018-03-22,108.79000091552734
2018-03-23,106.61000061035156
2018-03-26,109.0500030517578
2018-03-27,107.98999786376952
2018-03-28,108.08000183105467
2018-03-29,109.33999633789062
2018-04-02,107.02999877929688
2018-04-03,108.4800033569336
2018-04-04,109.58999633789062
2018-04-05,110.43000030517578
2018-04-06,108.22000122070312
2018-04-09,108.55999755859376
2018-04-10,110.1999969482422
2018-04-11,109.66999816894533
2018-04-12,110.4499969482422
2018-04-13,110.13999938964844
2018-04-16,111.0999984741211
2018-04-17,111.56999969482422
2018-04-18,111.56999969482422
2018-04-19,111.3000030517578
2018-04-20,110.66999816894533
2018-04-23,110.8499984741211
2018-04-24,110.08000183105467
2018-04-25,110.37000274658205
2018-04-26,110.7699966430664
2018-04-27,110.95999908447266
2018-04-30,109.88999938964844
2018-05-01,109.5500030517578
2018-05-02,108.55999755859376
2018-05-03,108.02999877929688
2018-05-04,109.23999786376952
2018-05-07,109.37999725341795
2018-05-08,109.33999633789062
2018-05-09,110.3499984741211
2018-05-10,111.3499984741211
2018-05-11,111.66999816894533
2018-05-14,111.83999633789062
2018-05-15,111.37999725341795
2018-05-16,111.93000030517578
2018-05-17,112.04000091552734
2018-05-18,111.48999786376952
2018-05-21,112.31999969482422
2018-05-22,112.1500015258789
2018-05-23,111.95999908447266
2018-05-24,111.55999755859376
2018-05-25,111.04000091552734
2018-05-29,109.4000015258789
2018-05-30,111.12000274658205
2018-05-31,110.16000366210938
2018-06-01,110.97000122070312
2018-06-04,111.18000030517578
2018-06-05,111.08000183105467
2018-06-06,112.11000061035156
2018-06-07,112.56999969482422
2018-06-08,112.97000122070312
2018-06-11,113.19000244140624
2018-06-12,113.06999969482422
2018-06-13,112.52999877929688
2018-06-14,112.5
2018-06-15,112.41999816894533
2018-06-18,112.0199966430664
2018-06-19,111.7699966430664
2018-06-20,111.76000213623048
2018-06-21,111.13999938964844
2018-06-22,111.69000244140624
2018-06-25,110.75
2018-06-26,110.08000183105467
2018-06-27,109.62999725341795
2018-06-28,110.08000183105467
2018-06-29,110.12999725341795
2018-07-02,110.02999877929688
2018-07-03,110.04000091552734
2018-07-05,110.6999969482422
2018-07-06,111.3499984741211
2018-07-09,112.4000015258789
2018-07-10,112.81999969482422
2018-07-11,111.87000274658205
2018-07-12,112.29000091552734
2018-07-13,112.3499984741211
2018-07-16,112.45999908447266
2018-07-17,112.61000061035156
2018-07-18,113.0
2018-07-19,112.63999938964844
2018-07-20,112.37999725341795
2018-07-23,112.61000061035156
2018-07-24,113.12000274658205
2018-07-25,113.6500015258789
2018-07-26,114.16999816894533
2018-07-27,114.0199966430664
2018-07-30,114.2699966430664
2018-07-31,114.5199966430664
2018-08-01,113.87999725341795
2018-08-02,113.97000122070312
2018-08-03,114.7300033569336
2018-08-06,115.0
2018-08-07,115.38999938964844
2018-08-08,115.18000030517578
2018-08-09,114.8499984741211
2018-08-10,114.1500015258789
2018-08-13,113.47000122070312
2018-08-14,114.26000213623048
2018-08-15,113.48999786376952
2018-08-16,114.76000213623048
2018-08-17,115.33000183105467
2018-08-20,115.8000030517578
2018-08-21,116.06999969482422
2018-08-22,115.75
2018-08-23,115.4499969482422
2018-08-24,115.91000366210938
2018-08-27,116.68000030517578
2018-08-28,116.61000061035156
2018-08-29,116.87000274658205
2018-08-30,116.19000244140624
2018-08-31,116.0500030517578
2018-09-04,115.91999816894533
2018-09-05,116.43000030517578
2018-09-06,116.0999984741211
2018-09-07,115.8499984741211
2018-09-10,116.08999633789062
2018-09-11,116.16999816894533
2018-09-12,116.31999969482422
2018-09-13,116.62999725341795
2018-09-14,116.77999877929688
2018-09-17,116.79000091552734
2018-09-18,117.2300033569336
2018-09-19,117.63999938964844
2018-09-20,118.4000015258789
2018-09-21,118.52999877929688
2018-09-24,117.6500015258789
2018-09-25,117.2699966430664
2018-09-26,116.0
2018-09-27,115.9499969482422
2018-09-28,115.83999633789062
2018-10-01,116.3000030517578
2018-10-02,116.5199966430664
2018-10-03,116.62000274658205
2018-10-04,116.58000183105467
2018-10-05,116.22000122070312
2018-10-08,116.8000030517578
2018-10-09,116.44000244140624
2018-10-10,113.70999908447266
2018-10-11,110.56999969482422
2018-10-12,111.16000366210938
2018-10-15,111.0500030517578
2018-10-16,112.72000122070312
2018-10-17,112.83999633789062
2018-10-18,111.87000274658205
2018-10-19,111.97000122070312
2018-10-22,110.87999725341795
2018-10-23,110.1999969482422
2018-10-24,107.58999633789062
2018-10-25,108.63999938964844
2018-10-26,107.1500015258789
2018-10-29,107.47000122070312
2018-10-30,109.22000122070312
2018-10-31,109.6500015258789
2018-11-01,110.45999908447266
2018-11-02,110.26000213623048
2018-11-05,111.56999969482422
2018-11-06,112.25
2018-11-07,113.81999969482422
2018-11-08,113.6500015258789
2018-11-09,112.93000030517578
2018-11-12,111.44000244140624
2018-11-13,111.25
2018-11-14,110.5199966430664
2018-11-15,111.37999725341795
2018-11-16,111.87000274658205
2018-11-19,111.33999633789062
2018-11-20,109.02999877929688
2018-11-21,109.3000030517578
2018-11-23,108.51000213623048
2018-11-26,109.87000274658205
2018-11-27,110.26000213623048
2018-11-28,111.93000030517578
2018-11-29,111.7699966430664
2018-11-30,112.41000366210938
2018-12-03,113.33999633789062
2018-12-04,110.12000274658205
2018-12-06,109.47000122070312
2018-12-07,107.55999755859376
2018-12-10,107.0199966430664
2018-12-11,106.81999969482422
2018-12-12,107.11000061035156
2018-12-13,106.98999786376952
2018-12-14,105.41999816894533
2018-12-17,102.7699966430664
2018-12-18,102.18000030517578
2018-12-19,100.9499969482422
2018-12-20,99.43000030517578
2018-12-21,97.93000030517578
2018-12-24,95.36000061035156
2018-12-26,99.61000061035156
2018-12-27,100.4499969482422
2018-12-28,100.37000274658205
2018-12-31,101.13999938964844
2019-01-02,101.5500030517578
2019-01-03,99.16000366210938
2019-01-04,102.29000091552734
2019-01-07,103.04000091552734
2019-01-08,103.80999755859376
2019-01-09,104.2699966430664
2019-01-10,104.79000091552734
2019-01-11,104.83999633789062
2019-01-14,104.4499969482422
2019-01-15,105.1500015258789
2019-01-16,105.80999755859376
2019-01-17,106.56999969482422
2019-01-18,108.16000366210938
2019-01-22,106.70999908447266
2019-01-23,106.9000015258789
2019-01-24,107.0999984741211
2019-01-25,108.20999908447266
2019-01-28,107.69000244140624
2019-01-29,107.86000061035156
2019-01-30,109.13999938964844
2019-01-31,109.77999877929688
2019-02-01,109.9499969482422
2019-02-04,110.56999969482422
2019-02-05,110.87999725341795
2019-02-06,110.9000015258789
2019-02-07,109.8499984741211
2019-02-08,109.70999908447266
2019-02-11,109.72000122070312
2019-02-12,111.12000274658205
2019-02-13,111.55999755859376
2019-02-14,111.11000061035156
2019-02-15,112.55999755859376
2019-02-19,112.8499984741211
2019-02-20,113.2300033569336
2019-02-21,112.66000366210938
2019-02-22,113.0500030517578
2019-02-25,113.2699966430664
2019-02-26,113.0199966430664
2019-02-27,112.80999755859376
2019-02-28,112.23999786376952
2019-03-01,112.88999938964844
2019-03-04,112.3499984741211
2019-03-05,112.13999938964844
2019-03-06,111.33000183105467
2019-03-07,110.5
2019-03-08,110.41000366210938
2019-03-11,112.01000213623048
2019-03-12,112.4000015258789
2019-03-13,113.13999938964844
2019-03-14,113.23999786376952
2019-03-15,113.69000244140624
2019-03-18,114.4000015258789
2019-03-19,114.18000030517578
2019-03-20,112.58999633789062
2019-03-21,113.79000091552734
2019-03-22,111.51000213623048
2019-03-25,111.16000366210938
2019-03-26,111.94000244140624
2019-03-27,111.56999969482422
2019-03-28,112.0199966430664
2019-03-29,112.73999786376952
2019-04-01,114.1999969482422
2019-04-02,114.12999725341795
2019-04-03,114.43000030517578
2019-04-04,114.97000122070312
2019-04-05,115.5999984741211
2019-04-08,115.83000183105467
2019-04-09,115.01000213623048
2019-04-10,115.38999938964844
2019-04-11,115.43000030517578
2019-04-12,116.22000122070312
2019-04-15,116.08999633789062
2019-04-16,116.44000244140624
2019-04-17,116.37999725341795
2019-04-18,116.47000122070312
2019-04-22,116.4000015258789
2019-04-23,117.2300033569336
2019-04-24,116.91000366210938
2019-04-25,116.31999969482422
2019-04-26,116.87999725341795
2019-04-29,117.16999816894533
2019-04-30,117.36000061035156
2019-05-01,116.8499984741211
2019-05-02,116.58999633789062
2019-05-03,117.4800033569336
2019-05-06,116.94000244140624
2019-05-07,114.97000122070312
2019-05-08,114.70999908447266
2019-05-09,114.41000366210938
2019-05-10,114.88999938964844
2019-05-13,111.91999816894533
2019-05-14,112.93000030517578
2019-05-15,113.1999969482422
2019-05-16,113.91999816894533
2019-05-17,113.2699966430664
2019-05-20,112.63999938964844
2019-05-21,113.76000213623048
2019-05-22,113.0500030517578
2019-05-23,111.70999908447266
2019-05-24,111.94000244140624
2019-05-28,110.48999786376952
2019-05-29,109.9000015258789
2019-05-30,109.91000366210938
2019-05-31,108.5
2019-06-03,109.16000366210938
2019-06-04,111.73999786376952
2019-06-05,112.38999938964844
2019-06-06,113.13999938964844
2019-06-07,113.87000274658205
2019-06-10,114.44000244140624
2019-06-11,114.61000061035156
2019-06-12,114.20999908447266
2019-06-13,114.97000122070312
2019-06-14,114.7699966430664
2019-06-17,113.9000015258789
2019-06-18,115.18000030517578
2019-06-19,115.3000030517578
2019-06-20,116.33999633789062
2019-06-21,116.26000213623048
2019-06-24,115.86000061035156
2019-06-25,115.16999816894533
2019-06-26,115.16000366210938
2019-06-27,115.72000122070312
2019-06-28,116.56999969482422
2019-07-01,117.4499969482422
2019-07-02,117.54000091552734
2019-07-03,118.41000366210938
2019-07-05,118.37000274658205
2019-07-08,117.69000244140624
2019-07-09,117.70999908447266
2019-07-10,117.94000244140624
2019-07-11,118.3499984741211
2019-07-12,119.19000244140624
2019-07-15,119.1500015258789
2019-07-16,118.8499984741211
2019-07-17,117.83000183105467
2019-07-18,118.4000015258789
2019-07-19,117.81999969482422
2019-07-22,118.04000091552734
2019-07-23,119.04000091552734
2019-07-24,119.73999786376952
2019-07-25,119.18000030517578
2019-07-26,119.8000030517578
2019-07-29,119.6999969482422
2019-07-30,119.62000274658205
2019-07-31,118.61000061035156
2019-08-01,116.9499969482422
2019-08-02,116.18000030517578
2019-08-05,112.6999969482422
2019-08-06,114.08000183105467
2019-08-07,113.9800033569336
2019-08-08,116.0
2019-08-09,115.20999908447266
2019-08-12,113.70999908447266
2019-08-13,115.45999908447266
2019-08-14,112.0
2019-08-15,112.08999633789062
2019-08-16,114.04000091552734
2019-08-19,115.37000274658205
2019-08-20,114.37000274658205
2019-08-21,115.25
2019-08-22,115.33999633789062
2019-08-23,112.29000091552734
2019-08-26,113.45999908447266
2019-08-27,112.69000244140624
2019-08-28,113.6999969482422
2019-08-29,115.2300033569336
2019-08-30,115.4499969482422
2019-09-03,114.7699966430664
2019-09-04,116.18000030517578
2019-09-05,117.68000030517578
2019-09-06,117.94000244140624
2019-09-09,118.95999908447266
2019-09-10,119.72000122070312
2019-09-11,120.6999969482422
2019-09-12,120.83999633789062
2019-09-13,120.87999725341795
2019-09-16,120.63999938964844
2019-09-17,120.68000030517578
2019-09-18,120.8000030517578
2019-09-19,120.47000122070312
2019-09-20,119.98999786376952
2019-09-23,120.11000061035156
2019-09-24,118.54000091552734
2019-09-25,119.23999786376952
2019-09-26,118.8000030517578
2019-09-27,118.54000091552734
2019-09-30,119.13999938964844
2019-10-01,117.70999908447266
2019-10-02,115.41000366210938
2019-10-03,116.06999969482422
2019-10-04,117.69000244140624
2019-10-07,117.25
2019-10-08,115.41000366210938
2019-10-09,116.37000274658205
2019-10-10,117.4000015258789
2019-10-11,118.87000274658205
2019-10-14,118.77999877929688
2019-10-15,119.88999938964844
2019-10-16,119.72000122070312
2019-10-17,120.12000274658205
2019-10-18,120.08000183105467
2019-10-21,121.11000061035156
2019-10-22,121.41999816894533
2019-10-23,121.69000244140624
2019-10-24,121.51000213623048
2019-10-25,122.18000030517578
2019-10-28,122.72000122070312
2019-10-29,122.52999877929688
2019-10-30,122.6500015258789
2019-10-31,122.27999877929688
2019-11-01,123.97000122070312
2019-11-04,124.80999755859376
2019-11-05,124.93000030517578
2019-11-06,124.97000122070312
2019-11-07,125.63999938964844
2019-11-08,125.91999816894533
2019-11-11,125.58000183105467
2019-11-12,125.63999938964844
2019-11-13,125.6500015258789
2019-11-14,125.75
2019-11-15,126.66999816894533
2019-11-18,126.79000091552734
2019-11-19,126.33000183105467
2019-11-20,125.76000213623048
2019-11-21,125.68000030517578
2019-11-22,126.08999633789062
2019-11-25,126.97000122070312
2019-11-26,126.9000015258789
2019-11-27,127.43000030517578
2019-11-29,127.0199966430664
2019-12-02,126.0999984741211
2019-12-03,124.86000061035156
2019-12-04,125.83000183105467
2019-12-05,126.25
2019-12-06,127.5500030517578
2019-12-09,127.12000274658205
2019-12-10,127.06999969482422
2019-12-11,127.4000015258789
2019-12-12,128.88999938964844
2019-12-13,128.6999969482422
2019-12-16,128.9600067138672
2019-12-17,129.08999633789062
2019-12-18,129.00999450683594
2019-12-19,129.32000732421875
2019-12-20,129.92999267578125
2019-12-23,130.00999450683594
2019-12-24,129.9199981689453
2019-12-26,130.25999450683594
2019-12-27,130.2100067138672
2019-12-30,129.6999969482422
2019-12-31,130.08999633789062
2020-01-02,130.58999633789062
2020-01-03,129.66000366210938
2020-01-06,129.8699951171875
2020-01-07,129.3800048828125
2020-01-08,129.72000122070312
2020-01-09,130.3000030517578
2020-01-10,129.83999633789062
2020-01-13,130.30999755859375
2020-01-14,130.41000366210938
2020-01-15,130.6300048828125
2020-01-16,131.57000732421875
2020-01-17,131.77999877929688
2020-01-21,131.25
2020-01-22,131.32000732421875
2020-01-23,131.30999755859375
2020-01-24,130.0
2020-01-27,128.2100067138672
2020-01-28,129.07000732421875
2020-01-29,128.47000122070312
2020-01-30,128.9499969482422
2020-01-31,126.61000061035156
2020-02-03,127.05999755859376
2020-02-04,128.61000061035156
2020-02-05,130.91000366210938
2020-02-06,130.92999267578125
2020-02-07,130.1699981689453
2020-02-10,130.5800018310547
2020-02-11,131.1699981689453
2020-02-12,131.7899932861328
2020-02-13,131.5500030517578
2020-02-14,131.42999267578125
2020-02-18,130.94000244140625
2020-02-19,131.3300018310547
2020-02-20,131.19000244140625
2020-02-21,130.6300048828125
2020-02-24,126.61000061035156
2020-02-25,122.58999633789062
2020-02-26,121.48999786376952
2020-02-27,116.29000091552734
2020-02-28,114.62999725341795
2020-03-02,119.8000030517578
2020-03-03,116.4000015258789
2020-03-04,121.31999969482422
2020-03-05,117.3000030517578
2020-03-06,115.20999908447266
2020-03-09,105.8000030517578
2020-03-10,110.68000030517578
2020-03-11,104.95999908447266
2020-03-12,94.33999633789062
2020-03-13,102.9000015258789
2020-03-16,91.38999938964844
2020-03-17,96.45999908447266
2020-03-18,91.25
2020-03-19,90.66000366210938
2020-03-20,86.70999908447266
2020-03-23,82.97000122070312
2020-03-24,91.01000213623048
2020-03-25,92.23999786376952
2020-03-26,97.93000030517578
2020-03-27,95.26000213623048
2020-03-30,97.98999786376952
2020-03-31,96.25
2020-04-01,91.94000244140624
2020-04-02,94.16999816894533
2020-04-03,92.73999786376952
2020-04-06,98.56999969482422
2020-04-07,98.94000244140624
2020-04-08,102.94000244140624
2020-04-09,105.2300033569336
2020-04-13,103.16000366210938
2020-04-14,105.37000274658205
2020-04-15,102.41000366210938
2020-04-16,102.30999755859376
2020-04-17,106.02999877929688
2020-04-20,103.8499984741211
2020-04-21,101.08000183105467
2020-04-22,102.62999725341795
2020-04-23,102.6999969482422
2020-04-24,103.98999786376952
2020-04-27,106.19000244140624
2020-04-28,106.63999938964844
2020-04-29,108.6999969482422
2020-04-30,106.48999786376952
2020-05-01,103.54000091552734
2020-05-04,103.4800033569336
2020-05-05,104.0
2020-05-06,102.37000274658205
2020-05-07,103.33000183105467
2020-05-08,105.58999633789062
2020-05-11,104.83999633789062
2020-05-12,102.7699966430664
2020-05-13,100.41000366210938
2020-05-14,101.87000274658205
2020-05-15,101.91999816894533
2020-05-18,106.05999755859376
2020-05-19,104.29000091552734
2020-05-20,105.93000030517578
2020-05-21,105.26000213623048
2020-05-22,105.26000213623048
2020-05-26,107.87999725341795
2020-05-27,110.37000274658205
2020-05-28,109.93000030517578
2020-05-29,109.93000030517578
2020-06-01,110.2699966430664
2020-06-02,111.3499984741211
2020-06-03,113.55999755859376
2020-06-04,114.0199966430664
2020-06-05,117.4499969482422
2020-06-08,119.66999816894533
2020-06-09,117.37000274658205
2020-06-10,114.9499969482422
2020-06-11,107.45999908447266
2020-06-12,109.19000244140624
2020-06-15,109.43000030517578
2020-06-16,111.45999908447266
2020-06-17,110.26000213623048
2020-06-18,110.23999786376952
2020-06-19,109.33999633789062
2020-06-22,109.23999786376952
2020-06-23,109.41999816894533
2020-06-24,106.36000061035156
2020-06-25,107.51000213623048
2020-06-26,105.22000122070312
2020-06-29,106.97000122070312
2020-06-30,108.20999908447266
2020-07-01,108.19000244140624
2020-07-02,108.66999816894533
2020-07-06,109.69000244140624
2020-07-07,108.29000091552734
2020-07-08,108.47000122070312
2020-07-09,106.7699966430664
2020-07-10,108.66000366210938
2020-07-13,108.87000274658205
2020-07-14,110.5500030517578
2020-07-15,112.02999877929688
2020-07-16,112.01000213623048
2020-07-17,112.37000274658205
2020-07-20,111.47000122070312
2020-07-21,112.88999938964844
2020-07-22,113.41000366210938
2020-07-23,113.37000274658205
2020-07-24,112.5500030517578
2020-07-27,112.5999984741211
2020-07-28,112.52999877929688
2020-07-29,113.79000091552734
2020-07-30,112.54000091552734
2020-07-31,112.25
2020-08-03,112.54000091552734
2020-08-04,113.1500015258789
2020-08-05,113.76000213623048
2020-08-06,113.7699966430664
2020-08-07,115.12000274658205
2020-08-10,116.2300033569336
2020-08-11,115.93000030517578
2020-08-12,116.77999877929688
2020-08-13,115.87999725341795
2020-08-14,116.18000030517578
2020-08-17,115.87999725341795
2020-08-18,115.41999816894533
2020-08-19,114.95999908447266
2020-08-20,114.33999633789062
2020-08-21,114.33000183105467
2020-08-24,115.87999725341795
2020-08-25,115.76000213623048
2020-08-26,115.41999816894533
2020-08-27,116.27999877929688
2020-08-28,117.08999633789062
2020-08-31,116.20999908447266
2020-09-01,116.18000030517578
2020-09-02,118.22000122070312
2020-09-03,115.9499969482422
2020-09-04,115.95999908447266
2020-09-08,113.80999755859376
2020-09-09,115.12999725341795
2020-09-10,113.38999938964844
2020-09-11,114.08000183105467
2020-09-14,115.5199966430664
2020-09-15,115.3000030517578
2020-09-16,116.11000061035156
2020-09-17,115.5199966430664
2020-09-18,114.5999984741211
2020-09-21,112.08000183105467
2020-09-22,112.12999725341795
2020-09-23,109.27999877929688
2020-09-24,109.4000015258789
2020-09-25,110.66999816894533
2020-09-28,112.4000015258789
2020-09-29,111.52999877929688
2020-09-30,112.4499969482422
2020-10-01,112.56999969482422
2020-10-02,112.80999755859376
2020-10-05,114.58000183105467
2020-10-06,113.4800033569336
2020-10-07,115.31999969482422
2020-10-08,116.7699966430664
2020-10-09,116.95999908447266
2020-10-12,117.80999755859376
2020-10-13,116.5999984741211
2020-10-14,116.0199966430664
2020-10-15,116.33000183105467
2020-10-16,116.66000366210938
2020-10-19,115.08999633789062
2020-10-20,115.5199966430664
2020-10-21,115.13999938964844
2020-10-22,116.69000244140624
2020-10-23,116.91000366210938
2020-10-26,114.63999938964844
2020-10-27,113.18000030517578
2020-10-28,109.93000030517578
2020-10-29,110.4499969482422
2020-10-30,110.38999938964844
2020-11-02,112.55999755859376
2020-11-03,114.5199966430664
2020-11-04,114.88999938964844
2020-11-05,116.56999969482422
2020-11-06,116.1500015258789
2020-11-09,120.97000122070312
2020-11-10,122.5500030517578
2020-11-11,122.16999816894533
2020-11-12,120.61000061035156
2020-11-13,122.95999908447266
2020-11-16,125.02999877929688
2020-11-17,124.37999725341795
2020-11-18,122.80999755859376
2020-11-19,122.98999786376952
2020-11-20,122.44000244140624
2020-11-23,124.08000183105467
2020-11-24,126.70999908447266
2020-11-25,125.94000244140624
2020-11-27,125.88999938964844
2020-11-30,124.63999938964844
2020-12-01,125.66000366210938
2020-12-02,126.47000122070312
2020-12-03,126.7699966430664
2020-12-04,128.17999267578125
2020-12-07,127.44000244140624
2020-12-08,128.0399932861328
2020-12-09,127.91000366210938
2020-12-10,127.5999984741211
2020-12-11,127.16999816894533
2020-12-14,125.02999877929688
2020-12-15,126.8000030517578
2020-12-16,126.37000274658205
2020-12-17,127.11000061035156
2020-12-18,126.36000061035156
2020-12-21,125.86000061035156
2020-12-22,124.86000061035156
2020-12-23,125.79000091552734
2020-12-24,126.12000274658205
2020-12-28,126.68000030517578
2020-12-29,126.4499969482422
2020-12-30,126.98999786376952
2020-12-31,128.02000427246094
2021-01-04,126.31999969482422
2021-01-05,127.20999908447266
2021-01-06,130.1199951171875
2021-01-07,131.13999938964844
2021-01-08,131.22000122070312
2021-01-11,131.27000427246094
2021-01-12,131.8000030517578
2021-01-13,131.72999572753906
2021-01-14,132.17999267578125
2021-01-15,130.97000122070312
2021-01-19,131.4199981689453
2021-01-20,131.97999572753906
2021-01-21,131.27999877929688
2021-01-22,130.27999877929688
2021-01-25,130.2100067138672
2021-01-26,129.6999969482422
2021-01-27,126.75
2021-01-28,128.27999877929688
2021-01-29,125.9800033569336
2021-02-01,127.06999969482422
2021-02-02,128.88999938964844
2021-02-03,129.4199981689453
2021-02-04,131.1300048828125
2021-02-05,131.77000427246094
2021-02-08,133.14999389648438
2021-02-09,133.07000732421875
2021-02-10,133.22999572753906
2021-02-11,133.13999938964844
2021-02-12,133.77000427246094
2021-02-16,134.0500030517578
2021-02-17,134.47000122070312
2021-02-18,133.9199981689453
2021-02-19,134.33999633789062
2021-02-22,135.22000122070312
2021-02-23,135.74000549316406
2021-02-24,137.75
2021-02-25,135.17999267578125
2021-02-26,133.41000366210938
2021-03-01,136.3000030517578
2021-03-02,135.9600067138672
2021-03-03,135.94000244140625
2021-03-04,134.5500030517578
2021-03-05,137.39999389648438
2021-03-08,139.00999450683594
2021-03-09,138.64999389648438
2021-03-10,140.5
2021-03-11,140.57000732421875
2021-03-12,141.8699951171875
2021-03-15,142.39999389648438
2021-03-16,141.4499969482422
2021-03-17,142.10000610351562
2021-03-18,141.3000030517578
2021-03-19,140.5800018310547
2021-03-22,140.57000732421875
2021-03-23,138.77999877929688
2021-03-24,138.91000366210938
2021-03-25,139.97999572753906
2021-03-26,142.22999572753906
2021-03-29,141.86000061035156
2021-03-30,141.92999267578125
2021-03-31,141.24000549316406
2021-04-01,142.17999267578125
2021-04-05,143.5
2021-04-06,143.39999389648438
2021-04-07,143.25999450683594
2021-04-08,143.2100067138672
2021-04-09,144.02000427246094
2021-04-12,144.0399932861328
2021-04-13,143.5
2021-04-14,144.0800018310547
2021-04-15,144.77999877929688
2021-04-16,145.60000610351562
2021-04-19,145.08999633789062
2021-04-20,143.83999633789062
2021-04-21,145.49000549316406
2021-04-22,144.36000061035156
2021-04-23,145.52999877929688
2021-04-26,145.4600067138672
2021-04-27,145.75999450683594
2021-04-28,145.94000244140625
2021-04-29,147.2899932861328
2021-04-30,146.38999938964844
2021-05-03,147.49000549316406
2021-05-04,147.74000549316406
2021-05-05,148.1300048828125
2021-05-06,149.4499969482422
2021-05-07,150.63999938964844
2021-05-10,150.61000061035156
2021-05-11,148.57000732421875
2021-05-12,145.99000549316406
2021-05-13,147.97999572753906
2021-05-14,149.82000732421875
2021-05-17,149.72000122070312
2021-05-18,148.44000244140625
2021-05-19,147.5
2021-05-20,148.27000427246094
2021-05-21,148.8000030517578
2021-05-24,149.55999755859375
2021-05-25,148.72000122070312
2021-05-26,149.02999877929688
2021-05-27,149.72000122070312
2021-05-28,149.86000061035156
2021-06-01,150.33999633789062
2021-06-02,150.6699981689453
2021-06-03,150.69000244140625
2021-06-04,151.25
2021-06-07,150.83999633789062
2021-06-08,150.63999938964844
2021-06-09,150.16000366210938
2021-06-10,149.5399932861328
2021-06-11,149.7899932861328
2021-06-14,149.10000610351562
2021-06-15,149.25999450683594
2021-06-16,148.25
2021-06-17,146.33999633789062
2021-06-18,143.60000610351562
2021-06-21,146.39999389648438
2021-06-22,146.5
2021-06-23,146.14999389648438
2021-06-24,147.17999267578125
2021-06-25,148.22000122070312
2021-06-28,147.32000732421875
2021-06-29,146.89999389648438
2021-06-30,147.63999938964844
2021-07-01,148.52000427246094
2021-07-02,148.8699951171875
2021-07-06,147.4199981689453
2021-07-07,147.66000366210938
2021-07-08,146.25999450683594
2021-07-09,148.5
2021-07-12,149.11000061035156
2021-07-13,148.0800018310547
2021-07-14,148.02999877929688
2021-07-15,147.9499969482422
2021-07-16,146.63999938964844
2021-07-19,143.75
2021-07-20,146.2100067138672
2021-07-21,147.75999450683594
2021-07-22,147.0500030517578
2021-07-23,147.89999389648438
2021-07-26,148.52999877929688
2021-07-27,148.61000061035156
2021-07-28,148.3000030517578
2021-07-29,149.38999938964844
2021-07-30,148.80999755859375
2021-08-02,148.3000030517578
2021-08-03,149.63999938964844
2021-08-04,148.0500030517578
2021-08-05,149.00999450683594
2021-08-06,150.08999633789062
2021-08-09,149.82000732421875
2021-08-10,150.86000061035156
2021-08-11,151.7899932861328
2021-08-12,151.8000030517578
2021-08-13,151.72000122070312
2021-08-16,151.83999633789062
2021-08-17,151.13999938964844
2021-08-18,149.4499969482422
2021-08-19,148.83999633789062
2021-08-20,149.57000732421875
2021-08-23,150.52999877929688
2021-08-24,150.9499969482422
2021-08-25,151.61000061035156
2021-08-26,150.52000427246094
2021-08-27,151.85000610351562
2021-08-30,151.30999755859375
2021-08-31,151.25
2021-09-01,151.02999877929688
2021-09-02,152.0
2021-09-03,151.4199981689453
2021-09-07,150.25
2021-09-08,150.1999969482422
2021-09-09,149.75999450683594
2021-09-10,148.69000244140625
2021-09-13,149.66000366210938
2021-09-14,148.25
2021-09-15,149.60000610351562
2021-09-16,149.16000366210938
2021-09-17,148.16000366210938
2021-09-20,145.89999389648438
2021-09-21,145.3699951171875
2021-09-22,146.97000122070312
2021-09-23,149.1699981689453
2021-09-24,148.52999877929688
2021-09-27,149.27000427246094
2021-09-28,147.47999572753906
2021-09-29,147.86000061035156
2021-09-30,145.4199981689453
2021-10-01,147.41000366210938
2021-10-04,146.72000122070312
2021-10-05,147.77000427246094
2021-10-06,147.9499969482422
2021-10-07,149.16000366210938
2021-10-08,149.16000366210938
2021-10-11,148.00999450683594
2021-10-12,147.64999389648438
2021-10-13,147.6199951171875
2021-10-14,149.85000610351562
2021-10-15,150.92999267578125
2021-10-18,150.52000427246094
2021-10-19,151.63999938964844
2021-10-20,152.9600067138672
2021-10-21,152.77999877929688
2021-10-22,153.14999389648438
2021-10-25,153.52999877929688
2021-10-26,153.4499969482422
2021-10-27,151.27000427246094
2021-10-28,152.41000366210938
2021-10-29,152.02999877929688
2021-11-01,152.86000061035156
2021-11-02,153.27999877929688
2021-11-03,154.05999755859375
2021-11-04,153.41000366210938
2021-11-05,154.5500030517578
2021-11-08,154.74000549316406
2021-11-09,154.58999633789062
2021-11-10,154.19000244140625
2021-11-11,153.92999267578125
2021-11-12,154.36000061035156
2021-11-15,154.5500030517578
2021-11-16,154.22999572753906
2021-11-17,153.55999755859375
2021-11-18,152.99000549316406
2021-11-19,151.55999755859375
2021-11-22,152.44000244140625
2021-11-23,153.6300048828125
2021-11-24,153.6300048828125
2021-11-26,149.9600067138672
2021-11-29,150.64999389648438
2021-11-30,147.08999633789062
2021-12-01,145.8000030517578
2021-12-02,149.07000732421875
2021-12-03,148.82000732421875
2021-12-06,150.9199981689453
2021-12-07,152.8000030517578
2021-12-08,152.7899932861328
2021-12-09,152.35000610351562
2021-12-10,153.4499969482422
2021-12-13,151.9499969482422
2021-12-14,151.69000244140625
2021-12-15,153.0399932861328
2021-12-16,153.97999572753906
2021-12-17,151.8699951171875
2021-12-20,150.2899932861328
2021-12-21,152.6199951171875
2021-12-22,153.5399932861328
2021-12-23,154.41000366210938
2021-12-27,156.0
2021-12-28,156.49000549316406
2021-12-29,156.8000030517578
2021-12-30,156.74000549316406
2021-12-31,156.6300048828125
2022-01-03,157.3699951171875
2022-01-04,158.94000244140625
2022-01-05,157.89999389648438
2022-01-06,157.99000549316406
2022-01-07,158.41000366210938
2022-01-10,157.82000732421875
2022-01-11,158.92999267578125
2022-01-12,159.05999755859375
2022-01-13,158.77000427246094
2022-01-14,158.5399932861328
2022-01-18,156.5399932861328
2022-01-19,155.1999969482422
2022-01-20,153.83999633789062
2022-01-21,151.77000427246094
2022-01-24,152.0800018310547
2022-01-25,151.47999572753906
2022-01-26,150.55999755859375
2022-01-27,150.1999969482422
2022-01-28,152.49000549316406
2022-01-31,154.02999877929688
2022-02-01,155.0800018310547
2022-02-02,156.1300048828125
2022-02-03,154.63999938964844
2022-02-04,154.25
2022-02-07,154.44000244140625
2022-02-08,155.47000122070312
2022-02-09,157.2100067138672
2022-02-10,155.0800018310547
2022-02-11,153.49000549316406
2022-02-14,152.47999572753906
2022-02-15,154.10000610351562
2022-02-16,154.4499969482422
2022-02-17,152.3000030517578
2022-02-18,151.6999969482422
2022-02-22,150.52000427246094
2022-02-23,148.64999389648438
2022-02-24,148.69000244140625
2022-02-25,152.67999267578125
2022-02-28,151.83999633789062
2022-03-01,149.52000427246094
2022-03-02,152.3699951171875
2022-03-03,152.5800018310547
2022-03-04,152.08999633789062
2022-03-07,148.75
2022-03-08,147.4600067138672
2022-03-09,149.75
2022-03-10,149.57000732421875
2022-03-11,148.41000366210938
2022-03-14,148.3800048828125
2022-03-15,150.3300018310547
2022-03-16,152.3800048828125
2022-03-17,154.1300048828125
2022-03-18,154.64999389648438
2022-03-21,154.94000244140625
2022-03-22,155.83999633789062
2022-03-23,154.17999267578125
2022-03-24,155.13999938964844
2022-03-25,156.55999755859375
2022-03-28,156.6199951171875
2022-03-29,158.1199951171875
2022-03-30,157.85000610351562
2022-03-31,155.72000122070312
2022-04-01,156.3800048828125
2022-04-04,156.19000244140625
2022-04-05,155.2100067138672
2022-04-06,155.44000244140625
2022-04-07,156.0800018310547
2022-04-08,156.8800048828125
2022-04-11,155.47000122070312
2022-04-12,155.1199951171875
2022-04-13,156.22999572753906
2022-04-14,155.63999938964844
2022-04-18,155.39999389648438
2022-04-19,157.4199981689453
2022-04-20,158.52000427246094
2022-04-21,156.82000732421875
2022-04-22,152.74000549316406
2022-04-25,152.8699951171875
2022-04-26,149.85000610351562
2022-04-27,150.22999572753906
2022-04-28,152.5500030517578
2022-04-29,147.97999572753906
2022-05-02,147.9499969482422
2022-05-03,148.85000610351562
2022-05-04,152.8300018310547
2022-05-05,149.27999877929688
2022-05-06,148.77999877929688
2022-05-09,145.07000732421875
2022-05-10,144.5
2022-05-11,143.72999572753906
2022-05-12,143.94000244140625
2022-05-13,146.17999267578125
2022-05-16,146.41000366210938
2022-05-17,148.77000427246094
2022-05-18,143.85000610351562
2022-05-19,142.88999938964844
2022-05-20,143.05999755859375
2022-05-23,145.60000610351562
2022-05-24,145.99000549316406
2022-05-25,146.97999572753906
2022-05-26,149.07000732421875
2022-05-27,151.66000366210938
2022-05-31,150.4199981689453
2022-06-01,149.22999572753906
2022-06-02,151.0399932861328
2022-06-03,149.61000061035156
2022-06-06,149.8800048828125
2022-06-07,151.44000244140625
2022-06-08,149.5500030517578
2022-06-09,145.75
2022-06-10,142.50999450683594
2022-06-13,137.67999267578125
2022-06-14,136.6699981689453
2022-06-15,137.5800018310547
2022-06-16,133.80999755859375
2022-06-17,133.27000427246094
2022-06-21,136.32000732421875
2022-06-22,135.97000122070312
2022-06-23,136.50999450683594
2022-06-24,140.27000427246094
2022-06-27,140.3300018310547
2022-06-28,138.72999572753906
2022-06-29,138.16000366210938
2022-06-30,137.4600067138672
2022-07-01,139.22000122070312
2022-07-05,137.88999938964844
2022-07-06,138.0
2022-07-07,139.3699951171875
2022-07-08,139.07000732421875
2022-07-11,138.25
2022-07-12,137.66000366210938
2022-07-13,136.80999755859375
2022-07-14,135.83999633789062
2022-07-15,138.3699951171875
2022-07-18,137.47000122070312
2022-07-19,140.6999969482422
2022-07-20,140.69000244140625
2022-07-21,141.1999969482422
2022-07-22,140.8800048828125
2022-07-25,141.72000122070312
2022-07-26,140.99000549316406
2022-07-27,142.89999389648438
2022-07-28,144.42999267578125
2022-07-29,145.5800018310547
2022-08-01,145.27000427246094
2022-08-02,144.1699981689453
2022-08-03,145.3800048828125
2022-08-04,144.6300048828125
2022-08-05,144.83999633789062
2022-08-08,145.08999633789062
2022-08-09,145.0399932861328
2022-08-10,147.14999389648438
2022-08-11,147.8300018310547
2022-08-12,149.89999389648438
2022-08-15,150.27000427246094
2022-08-16,150.9600067138672
2022-08-17,150.02000427246094
2022-08-18,150.49000549316406
2022-08-19,149.25999450683594
2022-08-22,146.6699981689453
2022-08-23,146.3800048828125
2022-08-24,146.89999389648438
2022-08-25,148.6199951171875
2022-08-26,144.5800018310547
2022-08-29,144.05999755859375
2022-08-30,142.44000244140625
2022-08-31,141.42999267578125
2022-09-01,141.9199981689453
2022-09-02,140.6999969482422
2022-09-06,140.27000427246094
2022-09-07,142.55999755859375
2022-09-08,143.5
2022-09-09,145.24000549316406
2022-09-12,146.52000427246094
2022-09-13,141.4199981689453
2022-09-14,141.72999572753906
2022-09-15,140.75
2022-09-16,139.6999969482422
2022-09-19,140.60000610351562
2022-09-20,138.80999755859375
2022-09-21,136.5399932861328
2022-09-22,135.47999572753906
2022-09-23,133.05999755859375
2022-09-26,130.3699951171875
2022-09-27,129.6699981689453
2022-09-28,132.25999450683594
2022-09-29,130.24000549316406
2022-09-30,128.52000427246094
2022-10-03,132.0800018310547
2022-10-04,135.97000122070312
2022-10-05,135.55999755859375
2022-10-06,133.8800048828125
2022-10-07,131.3000030517578
2022-10-10,130.55999755859375
2022-10-11,130.27999877929688
2022-10-12,129.67999267578125
2022-10-13,133.22000122070312
2022-10-14,130.97000122070312
2022-10-17,133.4600067138672
2022-10-18,135.22999572753906
2022-10-19,134.35000610351562
2022-10-20,133.2100067138672
2022-10-21,136.25
2022-10-24,137.85000610351562
2022-10-25,139.55999755859375
2022-10-26,140.36000061035156
2022-10-27,140.89999389648438
2022-10-28,143.94000244140625
2022-10-31,143.3300018310547
2022-11-01,143.5
2022-11-02,140.97000122070312
2022-11-03,140.38999938964844
2022-11-04,142.2899932861328
2022-11-07,143.49000549316406
2022-11-08,144.35000610351562
2022-11-09,141.6999969482422
2022-11-10,147.2100067138672
2022-11-11,147.7100067138672
2022-11-14,146.77999877929688
2022-11-15,147.6300048828125
2022-11-16,146.77999877929688
2022-11-17,146.5
2022-11-18,147.7100067138672
2022-11-21,147.8800048828125
2022-11-22,149.74000549316406
2022-11-23,150.22999572753906
2022-11-25,150.67999267578125
2022-11-28,148.4499969482422
2022-11-29,148.85000610351562
2022-11-30,151.7899932861328
2022-12-01,151.60000610351562
2022-12-02,151.6199951171875
2022-12-05,149.1199951171875
2022-12-06,147.57000732421875
2022-12-07,147.5500030517578
2022-12-08,148.2899932861328
2022-12-09,147.16000366210938
2022-12-12,149.3800048828125
2022-12-13,149.08999633789062
2022-12-14,148.2899932861328
2022-12-15,145.42999267578125
2022-12-16,144.0
2022-12-19,142.82000732421875
2022-12-20,143.19000244140625
2022-12-21,145.3300018310547
2022-12-22,143.77999877929688
2022-12-23,144.6699981689453
2022-12-27,144.6699981689453
2022-12-28,143.02999877929688
2022-12-29,145.58999633789062
2022-12-30,145.07000732421875
2023-01-03,145.72999572753906
2023-01-04,147.60000610351562
2023-01-05,146.0399932861328
2023-01-06,149.38999938964844
2023-01-09,149.35000610351562
2023-01-10,150.44000244140625
2023-01-11,152.14999389648438
2023-01-12,152.86000061035156
2023-01-13,153.41000366210938
2023-01-17,152.6199951171875
2023-01-18,149.94000244140625
2023-01-19,148.44000244140625
2023-01-20,151.02000427246094
2023-01-23,152.77999877929688
2023-01-24,152.61000061035156
2023-01-25,152.88999938964844
2023-01-26,154.1300048828125
2023-01-27,154.4600067138672
2023-01-30,152.97999572753906
2023-01-31,155.17999267578125
2023-02-01,156.6999969482422
2023-02-02,159.47000122070312
2023-02-03,157.24000549316406
2023-02-06,156.1999969482422
2023-02-07,157.7100067138672
2023-02-08,156.1699981689453
2023-02-09,154.4600067138672
2023-02-10,154.83999633789062
2023-02-13,156.82000732421875
2023-02-14,156.4499969482422
2023-02-15,157.00999450683594
2023-02-16,155.14999389648438
2023-02-17,154.97999572753906
2023-02-21,151.72000122070312
2023-02-22,151.38999938964844
2023-02-23,151.77000427246094
2023-02-24,150.52000427246094
2023-02-27,150.75
2023-02-28,150.47999572753906
2023-03-01,149.77999877929688
2023-03-02,151.0
2023-03-03,153.38999938964844
2023-03-06,153.0399932861328
2023-03-07,150.55999755859375
2023-03-08,150.72000122070312
2023-03-09,147.57000732421875
2023-03-10,145.2899932861328
2023-03-13,144.2100067138672
2023-03-14,146.58999633789062
2023-03-15,145.32000732421875
2023-03-16,147.6999969482422
2023-03-17,145.35000610351562
2023-03-20,146.63999938964844
2023-03-21,148.42999267578125
2023-03-22,145.4600067138672
2023-03-23,144.69000244140625
2023-03-24,145.8699951171875
2023-03-27,146.6300048828125
2023-03-28,146.6300048828125
2023-03-29,148.88999938964844
2023-03-30,149.74000549316406
2023-03-31,151.75999450683594
2023-04-03,151.83999633789062
2023-04-04,150.86000061035156
2023-04-05,150.55999755859375
2023-04-06,151.05999755859375
2023-04-10,151.4499969482422
2023-04-11,151.72999572753906
2023-04-12,151.11000061035156
2023-04-13,152.64999389648438
2023-04-14,152.4499969482422
2023-04-17,153.5399932861328
2023-04-18,153.6300048828125
2023-04-19,153.72999572753906
2023-04-20,152.72999572753906
2023-04-21,152.99000549316406
2023-04-24,153.02000427246094
2023-04-25,150.49000549316406
2023-04-26,149.72000122070312
2023-04-27,153.0399932861328
2023-04-28,154.38999938964844
2023-05-01,154.14999389648438
2023-05-02,152.27999877929688
2023-05-03,150.97999572753906
2023-05-04,149.77999877929688
2023-05-05,152.1300048828125
2023-05-08,152.07000732421875
2023-05-09,151.52000427246094
2023-05-10,151.7899932861328
2023-05-11,151.24000549316406
2023-05-12,150.88999938964844
2023-05-15,151.7100067138672
2023-05-16,150.22000122070312
2023-05-17,152.32000732421875
2023-05-18,153.6300048828125
2023-05-19,153.16000366210938
2023-05-22,153.22999572753906
2023-05-23,151.5399932861328
2023-05-24,150.24000549316406
2023-05-25,150.3000030517578
2023-05-26,152.3000030517578
2023-05-30,152.2100067138672
2023-05-31,151.5
2023-06-01,152.72999572753906
2023-06-02,155.3699951171875
2023-06-05,154.88999938964844
2023-06-06,155.75
2023-06-07,155.50999450683594
2023-06-08,155.97999572753906
2023-06-09,156.0500030517578
2023-06-12,157.1699981689453
2023-06-13,158.30999755859375
2023-06-14,158.5
2023-06-15,160.66000366210938
2023-06-16,160.13999938964844
2023-06-20,158.9600067138672
2023-06-21,158.22999572753906
2023-06-22,158.07000732421875
2023-06-23,156.9600067138672
2023-06-26,157.10000610351562
2023-06-27,158.8699951171875
2023-06-28,158.72000122070312
2023-06-29,159.58999633789062
2023-06-30,161.19000244140625
2023-07-03,161.47999572753906
2023-07-05,161.24000549316406
2023-07-06,159.8800048828125
2023-07-07,159.8000030517578
2023-07-10,160.7100067138672
2023-07-11,162.35000610351562
2023-07-12,163.50999450683594
2023-07-13,164.55999755859375
2023-07-14,163.77999877929688
2023-07-17,163.8800048828125
2023-07-18,165.2899932861328
2023-07-19,166.05999755859375
2023-07-20,165.52000427246094
2023-07-21,165.52000427246094
2023-07-24,166.02000427246094
2023-07-25,166.1300048828125
2023-07-26,166.1999969482422
2023-07-27,165.08999633789062
2023-07-28,166.41000366210938
2023-07-31,166.75
2023-08-01,166.30999755859375
2023-08-02,164.39999389648438
2023-08-03,163.6300048828125
2023-08-04,163.57000732421875
2023-08-07,165.3800048828125
2023-08-08,164.3300018310547
2023-08-09,163.22000122070312
2023-08-10,163.33999633789062
2023-08-11,163.25
2023-08-14,163.52999877929688
2023-08-15,161.44000244140625
2023-08-16,160.24000549316406
2023-08-17,158.75
2023-08-18,158.86000061035156
2023-08-21,159.0500030517578
2023-08-22,158.50999450683594
2023-08-23,159.97999572753906
2023-08-24,158.16000366210938
2023-08-25,159.13999938964844
2023-08-28,160.14999389648438
2023-08-29,162.0500030517578
2023-08-30,162.33999633789062
2023-08-31,162.08999633789062
2023-09-01,162.5500030517578
2023-09-05,161.1999969482422
2023-09-06,160.82000732421875
2023-09-07,160.6300048828125
2023-09-08,160.86000061035156
2023-09-11,161.9199981689453
2023-09-12,161.3699951171875
2023-09-13,161.3000030517578
2023-09-14,162.97000122070312
2023-09-15,161.1699981689453
2023-09-18,161.05999755859375
2023-09-19,160.64999389648438
2023-09-20,159.52000427246094
2023-09-21,156.97000122070312
2023-09-22,156.38999938964844
2023-09-25,156.77000427246094
2023-09-26,153.5800018310547
2023-09-27,153.3300018310547
2023-09-28,154.14999389648438
2023-09-29,153.83999633789062
2023-10-02,152.91000366210938
2023-10-03,150.75999450683594
2023-10-04,151.75
2023-10-05,151.49000549316406
2023-10-06,153.11000061035156
2023-10-09,154.0399932861328
2023-10-10,155.05999755859375
2023-10-11,155.6199951171875
2023-10-12,154.22999572753906
2023-10-13,153.39999389648438
2023-10-16,155.16000366210938
2023-10-17,155.57000732421875
2023-10-18,153.36000061035156
2023-10-19,152.1999969482422
2023-10-20,150.4600067138672
2023-10-23,149.97999572753906
2023-10-24,151.27000427246094
2023-10-25,149.63999938964844
2023-10-26,148.4499969482422
2023-10-27,147.63999938964844
2023-10-30,149.6999969482422
2023-10-31,151.0399932861328
2023-11-01,152.35000610351562
2023-11-02,155.1999969482422
2023-11-03,157.1699981689453
2023-11-06,156.97999572753906
2023-11-07,157.11000061035156
2023-11-08,157.00999450683594
2023-11-09,155.94000244140625
2023-11-10,158.10000610351562
2023-11-13,157.7899932861328
2023-11-14,161.4199981689453
2023-11-15,162.07000732421875
2023-11-16,162.19000244140625
2023-11-17,162.55999755859375
2023-11-20,163.69000244140625
2023-11-21,163.05999755859375
2023-11-22,164.0500030517578
2023-11-24,164.1999969482422
2023-11-27,164.11000061035156
2023-11-28,164.2100067138672
2023-11-29,164.3800048828125
2023-11-30,165.5
2023-12-01,166.91000366210938
2023-12-04,166.49000549316406
2023-12-05,165.7100067138672
2023-12-06,165.27999877929688
2023-12-07,166.27999877929688
2023-12-08,167.07000732421875
2023-12-11,168.24000549316406
2023-12-12,168.99000549316406
2023-12-13,171.63999938964844
2023-12-14,172.91000366210938
2023-12-15,172.38999938964844
2023-12-18,172.82000732421875
2023-12-19,174.10000610351562
2023-12-20,170.52999877929688
2023-12-21,172.0500030517578
2023-12-22,172.75
2023-12-26,173.63999938964844
2023-12-27,173.97000122070312
2023-12-28,174.2100067138672
2023-12-29,173.88999938964844
2024-01-02,174.89999389648438
2024-01-03,173.5
2024-01-04,173.3800048828125
2024-01-05,173.77999877929688
2024-01-08,174.97999572753906
2024-01-09,173.9600067138672
2024-01-10,174.0399932861328
2024-01-11,173.38999938964844
2024-01-12,173.3300018310547
2024-01-16,172.0800018310547
2024-01-17,171.08999633789062
2024-01-18,171.5399932861328
2024-01-19,172.8699951171875
2024-01-22,173.36000061035156
2024-01-23,173.75999450683594
2024-01-24,172.9499969482422
2024-01-25,174.50999450683594
2024-01-26,174.6199951171875
2024-01-29,175.3000030517578
2024-01-30,175.88999938964844
2024-01-31,174.25999450683594
2024-02-01,175.9199981689453
2024-02-02,175.4600067138672
2024-02-05,174.02000427246094
2024-02-06,175.17999267578125
2024-02-07,175.63999938964844
2024-02-08,175.6300048828125
2024-02-09,175.47999572753906
2024-02-12,176.6199951171875
2024-02-13,174.27000427246094
2024-02-14,175.3000030517578
2024-02-15,177.61000061035156
2024-02-16,177.02000427246094
2024-02-20,177.10000610351562
2024-02-21,177.8699951171875
2024-02-22,179.07000732421875
2024-02-23,179.6999969482422
2024-02-26,178.67999267578125
2024-02-27,179.13999938964844
2024-02-28,179.3000030517578
2024-02-29,179.39999389648438
2024-03-01,180.1699981689453
2024-03-04,180.5500030517578
2024-03-05,180.1499938964844
2024-03-06,181.2700042724609
2024-03-07,181.97999572753903
2024-03-08,182.009994506836
2024-03-11,182.7100067138672
2024-03-12,183.0200042724609
2024-03-13,183.32000732421875
2024-03-14,182.1300048828125
2024-03-15,181.88999938964844
2024-03-18,182.259994506836
2024-03-19,183.2100067138672
2024-03-20,184.3999938964844
2024-03-21,184.6499938964844
2024-03-22,183.5599975585937
2024-03-25,183.3000030517578
2024-03-26,183.25
2024-03-27,186.1100006103516
2024-03-28,186.8099975585937
2024-04-01,185.6699981689453
2024-04-02,184.47999572753903
2024-04-03,184.19000244140625
2024-04-04,182.42999267578125
2024-04-05,183.509994506836
2024-04-08,183.7100067138672
2024-04-09,184.22999572753903
2024-04-10,181.7100067138672
2024-04-11,181.1999969482422
2024-04-12,178.52000427246094
2024-04-15,177.5800018310547
2024-04-16,176.6999969482422
2024-04-17,176.5800018310547
2024-04-18,176.91000366210938
2024-04-19,178.38999938964844
2024-04-22,179.7100067138672
2024-04-23,180.97999572753903
2024-04-24,181.0399932861328
2024-04-25,180.4499969482422
2024-04-26,180.1499938964844
2024-04-29,180.9100036621093
2024-04-30,178.7899932861328
2024-05-01,178.36000061035156
2024-05-02,179.36000061035156
2024-05-03,180.32000732421875
2024-05-06,181.3999938964844
2024-05-07,181.9600067138672
2024-05-08,182.1600036621093
2024-05-09,183.7400054931641
2024-05-10,184.22000122070312
2024-05-13,184.1600036621093
2024-05-14,184.6999969482422
2024-05-15,186.0500030517578
2024-05-16,186.1600036621093
2024-05-17,186.6999969482422
2024-05-20,185.7100067138672
2024-05-21,185.9199981689453
2024-05-22,185.3699951171875
2024-05-23,182.7400054931641
2024-05-24,183.4199981689453
2024-05-28,182.1199951171875
2024-05-29,180.3300018310547
2024-05-30,181.1000061035156
2024-05-31,184.1199951171875
2024-06-03,183.3699951171875
2024-06-04,183.1100006103516
2024-06-05,183.63999938964844
2024-06-06,183.57000732421875
2024-06-07,183.3000030517578
2024-06-10,183.6000061035156
2024-06-11,181.63999938964844
2024-06-12,181.3999938964844
2024-06-13,180.97999572753903
2024-06-14,180.5
2024-06-17,181.4199981689453
2024-06-18,181.97999572753903
2024-06-20,182.6699981689453
2024-06-21,182.6600036621093
2024-06-24,184.1300048828125
2024-06-25,182.6000061035156
2024-06-26,182.02999877929688
2024-06-27,181.8300018310547
2024-06-28,182.009994506836
2024-07-01,181.0599975585937
2024-07-02,181.72000122070312
2024-07-03,181.5200042724609
2024-07-05,181.58999633789065
2024-07-08,181.63999938964844
2024-07-09,181.72999572753903
2024-07-10,183.25
2024-07-11,184.9199981689453
2024-07-12,186.02999877929688
2024-07-15,186.5200042724609
2024-07-16,189.27999877929688
2024-07-17,190.3000030517578
2024-07-18,188.5200042724609
2024-07-19,187.27999877929688
2024-07-22,188.0399932861328
2024-07-23,187.1999969482422
2024-07-24,186.6300048828125
2024-07-25,187.02999877929688
2024-07-26,189.38999938964844
2024-07-29,189.3500061035156
2024-07-30,190.2899932861328
2024-07-31,190.6999969482422
2024-08-01,189.2700042724609
2024-08-02,186.6499938964844
2024-08-05,182.2100067138672
2024-08-06,183.6199951171875
2024-08-07,182.94000244140625
2024-08-08,185.57000732421875
2024-08-09,185.72999572753903
2024-08-12,185.1300048828125
2024-08-13,186.6999969482422
2024-08-14,187.4100036621093
2024-08-15,189.5
2024-08-16,190.1699981689453
2024-08-19,191.3800048828125
2024-08-20,190.8099975585937
2024-08-21,191.5500030517578
2024-08-22,191.57000732421875
2024-08-23,193.2899932861328
2024-08-26,193.8500061035156
2024-08-27,194.0399932861328
2024-08-28,193.7899932861328
2024-08-29,194.5599975585937
2024-08-30,196.2400054931641
2024-09-03,194.509994506836
2024-09-04,194.47999572753903
2024-09-05,192.9199981689453
2024-09-06,191.22999572753903
2024-09-09,193.1300048828125
2024-09-10,192.7899932861328
2024-09-11,192.22000122070312
2024-09-12,193.1000061035156
2024-09-13,194.259994506836
2024-09-16,195.82000732421875
2024-09-17,195.72999572753903
2024-09-18,195.259994506836
2024-09-19,196.6499938964844
2024-09-20,196.259994506836
2024-09-23,197.1499938964844
2024-09-24,197.1499938964844
2024-09-25,194.759994506836
2024-09-26,195.759994506836
2024-09-27,196.5
